{
  "main": {
    "id": "1f1a8885265a72eb",
    "type": "split",
    "children": [
      {
        "id": "ad613e99f9e69701",
        "type": "tabs",
        "children": [
          {
            "id": "a6baa57f052ffaa9",
            "type": "leaf",
            "state": {
              "type": "markdown",
              "state": {
                "file": "08 实训4：Git 与 GitHub/2 教师演示：首次使用 GitHub(40min).md",
                "mode": "preview",
                "source": false
              }
            }
          },
          {
            "id": "474d0b40ae1169b0",
            "type": "leaf",
            "state": {
              "type": "markdown",
              "state": {
                "file": "11 八、CSS 入门 1/2 为休闲吧增加样式(15min).md",
                "mode": "preview",
                "source": false
              }
            }
          }
        ],
        "currentTab": 1
      }
    ],
    "direction": "vertical"
  },
  "left": {
    "id": "61064d347ad8b4fe",
    "type": "split",
    "children": [
      {
        "id": "3b01fbc8fe92f9aa",
        "type": "tabs",
        "children": [
          {
            "id": "c5fa96920010f758",
            "type": "leaf",
            "state": {
              "type": "file-explorer",
              "state": {
                "sortOrder": "alphabetical"
              }
            }
          },
          {
            "id": "b8274843f9b3f20f",
            "type": "leaf",
            "state": {
              "type": "search",
              "state": {
                "query": "",
                "matchingCase": false,
                "explainSearch": false,
                "collapseAll": false,
                "extraContext": false,
                "sortOrder": "alphabetical"
              }
            }
          },
          {
            "id": "e5ea36b29a5f1eb2",
            "type": "leaf",
            "state": {
              "type": "starred",
              "state": {}
            }
          },
          {
            "id": "aa658b5c5cdc875f",
            "type": "leaf",
            "state": {
              "type": "bookmarks",
              "state": {}
            }
          }
        ]
      }
    ],
    "direction": "horizontal",
    "width": 300
  },
  "right": {
    "id": "ead394a5b92bb4b3",
    "type": "split",
    "children": [
      {
        "id": "7665c24e9725bdd6",
        "type": "tabs",
        "children": [
          {
            "id": "6b02638c48049349",
            "type": "leaf",
            "state": {
              "type": "backlink",
              "state": {
                "file": "11 八、CSS 入门 1/2 为休闲吧增加样式(15min).md",
                "collapseAll": false,
                "extraContext": false,
                "sortOrder": "alphabetical",
                "showSearch": false,
                "searchQuery": "",
                "backlinkCollapsed": false,
                "unlinkedCollapsed": true
              }
            }
          },
          {
            "id": "aa175fa5202fa4c9",
            "type": "leaf",
            "state": {
              "type": "outgoing-link",
              "state": {
                "file": "11 八、CSS 入门 1/2 为休闲吧增加样式(15min).md",
                "linksCollapsed": false,
                "unlinkedCollapsed": true
              }
            }
          },
          {
            "id": "7af54f23f8f1eed0",
            "type": "leaf",
            "state": {
              "type": "tag",
              "state": {
                "sortOrder": "frequency",
                "useHierarchy": true
              }
            }
          },
          {
            "id": "4bbec95aa2c6d160",
            "type": "leaf",
            "state": {
              "type": "outline",
              "state": {
                "file": "11 八、CSS 入门 1/2 为休闲吧增加样式(15min).md"
              }
            }
          },
          {
            "id": "13caef7dd23f51d4",
            "type": "leaf",
            "state": {
              "type": "all-properties",
              "state": {
                "sortOrder": "frequency"
              }
            }
          }
        ]
      }
    ],
    "direction": "horizontal",
    "width": 300,
    "collapsed": true
  },
  "left-ribbon": {
    "hiddenItems": {
      "switcher:打开快速切换": false,
      "graph:查看关系图谱": false,
      "canvas:新建白板": false,
      "daily-notes:打开/创建今天的日记": false,
      "templates:插入模板": false,
      "command-palette:打开命令面板": false
    }
  },
  "active": "474d0b40ae1169b0",
  "lastOpenFiles": [
    "11 八、CSS 入门 1/1 写一条 CSS 规则(15min).md",
    "11 八、CSS 入门 1/0 课程引入(10min).md",
    "10 七、严肃的 HTML/0 课程引入(10min).md",
    "10 七、严肃的 HTML/5 课程小结(5min).md",
    "10 七、严肃的 HTML/3 验证你的 HTML(25min).md",
    "10 七、严肃的 HTML/2 HTML5 的 Doctype(10min).md",
    "10 七、严肃的 HTML/1 HTML 简史(30min).md",
    "09 六、网页中的图像/3 图像标签(30min).md",
    "09 六、网页中的图像/2 图像如何工作(20min).md",
    "09 六、网页中的图像/1 浏览器如何处理图像(10min).md",
    "09 六、网页中的图像/0 课程引入(5min).md",
    "09 六、网页中的图像/4 课程小结(15min).md",
    "08 实训4：Git 与 GitHub/3 上机实训(30min).md",
    "08 实训4：Git 与 GitHub/2 教师演示：首次使用 GitHub(40min).md",
    "08 实训4：Git 与 GitHub/1 程序员的圣地 Github(10min).md",
    "05 实训3：Git 操作进阶/2 操作演示：Git 进阶(40min).md",
    "05 实训3：Git 操作进阶/1 更好的利用 Git(10min).md",
    "06 四、深入理解超文本/3 提交新版至 git 仓库(15min).md",
    "06 四、深入理解超文本/2 属性和元素(30min).md",
    "06 四、深入理解超文本/1 改进休闲吧(20min).md",
    "2023-09-25.md",
    "06 四、深入理解超文本/4 课程总结(5min).md",
    "未命名.canvas",
    "07 五、重新组织网站/2 绝对路径和相对路径(30min).md",
    "07 五、重新组织网站/1 用文件夹组织网站(20min).md",
    "07 五、重新组织网站/0 课程引入(10min).md",
    "07 五、重新组织网站/3 调试超链接及图片路径(15min).md",
    "appendixes/lightblue.jpg",
    "appendixes/green.jpg",
    "07 五、重新组织网站",
    "06 四、深入理解超文本",
    "08 实训4：Git 与 GitHub",
    "04 实训2：Git 基本操作",
    "05 实训3：Git 操作进阶"
  ]
}